[
  {
    "id":"BLOCKER-SEC-APIKEYS",
    "title":"Security breaches from mishandled API keys",
    "severity":"BLOCKER",
    "surface":"config_secrets",
    "status":"UNKNOWN"
  },
  {
    "id":"BLOCKER-DATA-PROMPTS",
    "title":"Missing CSV of 600+ prompts and completions",
    "severity":"BLOCKER",
    "surface":"data_assets",
    "status":"UNKNOWN"
  },
  {
    "id":"BLOCKER-API-BACKEND",
    "title":"Backend API process absent or unreachable",
    "severity":"BLOCKER",
    "surface":"api_backend",
    "status":"UNKNOWN"
  },
  {
    "id":"BLOCKER-UI-ASK",
    "title":"ASK window not working (live)",
    "severity":"BLOCKER",
    "surface":"ui_frontend",
    "status":"FAIL"
  }
]